{
    "total_loss": [
        [
            1.5026421312861113,
            0.8137744778563619,
            0.6888676516198919
        ],
        [
            1.1165929610429988,
            0.5109374339763935,
            0.6056555274285769
        ],
        [
            1.0643034369839348,
            0.4759665641345476,
            0.5883368727890587
        ],
        [
            1.0373321180401542,
            0.45860209656871764,
            0.5787300206871651
        ],
        [
            1.021393407452927,
            0.448438763799455,
            0.572954644679058
        ],
        [
            1.009170345087283,
            0.44072472059774975,
            0.5684456243688761
        ]
    ],
    "all_valid_rate": [
        0.0,
        27.2,
        7.5,
        20.6,
        15.1,
        15.1
    ],
    "all_valid_without_check_rate": [
        0.0,
        27.2,
        7.5,
        20.6,
        15.1,
        15.1
    ],
    "all_unique_rate": [
        0,
        98.52941176470588,
        100.0,
        100.0,
        100.0,
        100.0
    ],
    "all_novelty_rate": [
        0,
        100.0,
        100.0,
        100.0,
        100.0,
        100.0
    ],
    "all_connectivity_rate": [
        0.3,
        29.6,
        69.3,
        62.6,
        58.4,
        71.0
    ],
    "all_reconstruct_error": [
        [
            0.0,
            0.0
        ],
        [
            0.0,
            0.0
        ],
        [
            0.0,
            0.0
        ],
        [
            0.0,
            0.0
        ],
        [
            0.0,
            0.0
        ],
        [
            0.0,
            0.0
        ]
    ]
}